{
  "project_info": {
    "project_number": "676885738186",
    "firebase_url": "https://admob-app-id-2517610118.firebaseio.com",
    "project_id": "admob-app-id-2517610118",
    "storage_bucket": "admob-app-id-2517610118.appspot.com"
  },
  "client": [
    {
      "client_info": {
        "mobilesdk_app_id": "1:676885738186:android:a4313d30077509cf",
        "android_client_info": {
          "package_name": "com.meghanil.ganpatiaarto"
        }
      },
      "oauth_client": [
        {
          "client_id": "676885738186-r2iflloqotn24tjnobouij7oati0jsc8.apps.googleusercontent.com",
          "client_type": 3
        }
      ],
      "api_key": [
        {
          "current_key": "AIzaSyCI6q4HTG24rd-KeZjpPtmq4-hLAWi2iPA"
        }
      ],
      "services": {
        "analytics_service": {
          "status": 1
        },
        "appinvite_service": {
          "status": 1,
          "other_platform_oauth_client": []
        },
        "ads_service": {
          "status": 2
        }
      }
    }
  ],
  "configuration_version": "1"
}